prenom,nom,email
Auriane,Éloïse,Auriane36@hotmail.fr
Armand,Aliette,Armand.Roux89@gmail.com
Flodoard,Philothée,Flodoard_Noel17@yahoo.fr
Ludovic,Jeanne d’Arc,Ludovic_Vincent8@gmail.com
Josse,Auguste,Josse66@hotmail.fr
Isabelle,Taurin,Isabelle_Roux@yahoo.fr
Christian,Roger,Christian_Arnaud@hotmail.fr
Constance,Ancelin,Constance.Martinez@yahoo.fr
Aurore,Gilles,Aurore.Carpentier7@yahoo.fr
Laura,Fulgence,Laura5@hotmail.fr
Olympe,Fulgence,Olympe_Rey8@gmail.com
Waleran,Dieudonné,Waleran26@yahoo.fr
Chrysostome,Audouin,Chrysostome34@yahoo.fr
Adalric,Oriane,Adalric73@gmail.com
Antigone,Ella,Antigone_Mercier32@hotmail.fr
Lucille,Augustine,Lucille1@hotmail.fr
Ferdinand,Hardouin,Ferdinand.Cousin@gmail.com
Michel,Émeline,Michel_Dupuis49@gmail.com
Éric,Clément,ric.Dufour@hotmail.fr
Nathan,Amalric,Nathan.Joly47@yahoo.fr
Ariel,Adalric,Ariel27@hotmail.fr
Adelin,Herbert,Adelin_Roussel45@yahoo.fr
Toussaint,Euphrasie,Toussaint45@yahoo.fr
Pépin,Rachel,Ppin0@yahoo.fr
Ronan,Aveline,Ronan_Marchal88@gmail.com
Serge,Edgard,Serge.Joly@gmail.com
Wandrille,Hildebert,Wandrille86@yahoo.fr
Florian,Philémon,Florian_Michel70@gmail.com
Désiré,Gabrielle,Dsir_Lopez45@hotmail.fr
Anceline,Clara,Anceline.Bertrand60@gmail.com
Véronique,Madeleine,Vronique70@yahoo.fr
Daniel,Doriane,Daniel.Brun@hotmail.fr
Acace,Ariel,Acace_Dasilva@yahoo.fr
Adrastée,Edmond,Adraste_Fleury4@yahoo.fr
Gaston,Gilbert,Gaston68@yahoo.fr
Charles,Antoinette,Charles.Roussel3@hotmail.fr
Abeline,Quiéta,Abeline_Poirier@gmail.com
Moïse,Isabeau,Mose50@hotmail.fr
Dominique,Clélie,Dominique.Olivier@gmail.com
Reybaud,Prudence,Reybaud_Schmitt@yahoo.fr
Virginie,Damien,Virginie62@yahoo.fr
Alphonse,Éléonore,Alphonse_Laurent17@yahoo.fr
Thibault,Malo,Thibault_Prevost@gmail.com
Pétronille,Bruno,Ptronille70@yahoo.fr
Delphin,Pétronille,Delphin79@hotmail.fr
Alcine,Agneflète,Alcine19@gmail.com
Mence,Argine,Mence.Martin72@gmail.com
Argine,Jade,Argine78@yahoo.fr
David,Albéric,David_Pons29@gmail.com
Héloïse,Christelle,Hlose.Julien44@hotmail.fr
Célien,Aloïs,Clien_Dumont@yahoo.fr
Yves,Arthurine,Yves.Thomas79@hotmail.fr
Gustavine,Japhet,Gustavine.Roche40@hotmail.fr
Ariane,Amant,Ariane_Charpentier92@gmail.com
Thaïs,Lucienne,Thas.Roche@hotmail.fr
Gerbert,Ozanne,Gerbert_Marchal@yahoo.fr
Aristide,Artémis,Aristide89@hotmail.fr
Héloïse,Paulette,Hlose.Bertrand90@gmail.com
Stéphane,Mylène,Stphane.Faure@yahoo.fr
Clémence,Adalbaude,Clmence.Lambert8@hotmail.fr
Isabelle,Benjamin,Isabelle78@gmail.com
Timoléon,Alcine,Timolon_Huet38@yahoo.fr
Angadrême,Yves,Angadrme.Morin69@yahoo.fr
Ambroise,Mayeul,Ambroise_Rodriguez29@yahoo.fr
Guérin,Valérie,Gurin14@hotmail.fr
Cassandre,Aaron,Cassandre.Bertrand28@gmail.com
Henri,Mylène,Henri.Dumont@gmail.com
Mathurin,Arnaude,Mathurin.Prevost@hotmail.fr
Amante,Benoît,Amante.Blanchard@hotmail.fr
Abigaelle,Mélissa,Abigaelle.Henry@yahoo.fr
Ariel,Claudine,Ariel.Jacquet@gmail.com
Titien,Néhémie,Titien31@hotmail.fr
Sabine,Angilbe,Sabine.Dupont6@hotmail.fr
Camille,Géraud,Camille.Blanchard87@yahoo.fr
Anne,Gaston,Anne.Guyot76@yahoo.fr
Camille,Claudine,Camille.Masson27@gmail.com
Arian,Hector,Arian75@yahoo.fr
Amarande,Gérard,Amarande6@hotmail.fr
Raphaëlle,Reine,Raphalle.Benoit@yahoo.fr
Aube,Johan,Aube.Durand21@hotmail.fr
Francisque,Isabeau,Francisque_Gerard@hotmail.fr
Héloïse,Bohémond,Hlose63@hotmail.fr
Valéry,Raymond,Valry98@yahoo.fr
Marc,Antide,Marc79@hotmail.fr
Mence,Odette,Mence_Legall22@gmail.com
Ève,Angadrême,ve76@hotmail.fr
Gislebert,Philomène,Gislebert.Paris76@gmail.com
Mauricette,Flore,Mauricette35@yahoo.fr
Médéric,Cécile,Mdric.Remy55@yahoo.fr
Muriel,Anstrudie,Muriel_Dufour@yahoo.fr
Nathanaël,Céleste,Nathanal.Lucas@yahoo.fr
Thierry,Constantin,Thierry_Julien@yahoo.fr
Artémis,Serge,Artmis_Dufour@hotmail.fr
Isabeau,Améthyste,Isabeau.Garnier@gmail.com
Aphélie,Constance,Aphlie.Rousseau40@hotmail.fr
Jeannel,Xavière,Jeannel.Leroux33@yahoo.fr
Julia,Charline,Julia.Marty@yahoo.fr
Agilberte,Brieuc,Agilberte24@hotmail.fr
Flavie,Ambroise,Flavie17@gmail.com
Séverin,Georges,Sverin.Simon@hotmail.fr
